Cohort ID	Likelihood Weights	Mortality Prob
0	5.964591168639154e-06	0.1334044009405148
1	1.0196360519788435e-11	0.19406489868843163
2	3.989567670858145e-27	0.05002287496346898
3	0.00515061137165135	0.11046651452636796
4	0.00013219059839708023	0.07935117816342262
5	1.8962487438204302e-11	0.06846771895375957
6	0.0019950322410877274	0.08725204227553418
7	0.0004432675228029986	0.11911214540860955
8	2.9862311334744524e-05	0.129353494846134
9	1.555081976286182e-07	0.1577633468006714
10	9.130438358161023e-06	0.13383890288065897
11	5.114841127802659e-12	0.1870439000793519
12	0.005703869418270589	0.09089044994630349
13	1.4082566228351235e-14	0.2256234872781891
14	2.5278789102334937e-26	0.055477518639585235
15	1.3716755988333148e-12	0.18409350203568048
16	4.5661715278718486e-05	0.1334609604734254
17	1.1160483280155006e-08	0.16173796568915033
18	2.7954446273225407e-07	0.07807738771904676
19	0.0032450440986564267	0.08962029781697577
20	4.993503462498017e-13	0.21014891373510736
21	4.2498951854295055e-17	0.24365231514387953
22	0.0022635324992093414	0.11268483563184857
23	2.186785864031536e-12	0.1884645231338628
24	9.178016971420045e-15	0.22527783045920768
25	1.448211691327472e-15	0.22892133270076948
26	1.346198529766364e-11	0.0670088422739556
27	3.544018352288367e-17	0.05781095664657648
28	0.0011062771912451887	0.08396608391291378
29	4.390306170671538e-15	0.22562850068588264
30	8.46311529235395e-09	0.06966936676661002
31	5.660972006705471e-05	0.13422152500101042
32	5.5461372158271137e-17	0.24157790603010038
33	6.897584098040082e-08	0.15663305699460342
34	3.750616148642394e-12	0.18837542279009467
35	0.002365570478818613	0.1131031262012126
36	7.734486548351787e-11	0.18730018553631672
37	1.0020695695647937e-14	0.21692513437947458
38	1.478786548098862e-35	0.05365765546883836
39	2.206012365432336e-12	0.20002886298899353
40	6.43472907625664e-17	0.24777221778129893
41	2.2596795915972798e-14	0.1996331308759679
42	0.004049054246816961	0.10608879841288105
43	1.1046251617346814e-14	0.20785586569029774
44	2.1147771548249486e-07	0.07064520131552841
45	3.848485153293403e-06	0.13957870523518104
46	1.3091472853867778e-15	0.2317191006186191
47	0.006262169932538332	0.1087228296747359
48	0.0014609228944461048	0.10755506771726975
49	4.161611019103986e-06	0.07600571442365554
50	1.9196925035154517e-32	0.05387339157405942
51	6.025878478186368e-11	0.18576710658797818
52	0.009171800929491119	0.09232562320001181
53	0.009735708937594071	0.10310933187444525
54	3.1714014706009556e-07	0.14831463185606766
55	1.50781693076921e-15	0.06067250902341608
56	9.171664679718851e-10	0.16482352109840262
57	0.0010072442902185588	0.07934571498116204
58	6.864894110857632e-09	0.16786110738065685
59	4.816264389902877e-12	0.18995167200418622
60	1.2890989634612327e-08	0.07046688576556517
61	3.461743280977311e-05	0.13281119756391369
62	1.222499541143683e-12	0.18888003154554905
63	4.5860336889895136e-05	0.13283585390538055
64	7.644949083435304e-16	0.05999069178921743
65	7.99010933415647e-08	0.15717928118310232
66	4.427444398418925e-11	0.1827589290439578
67	1.443555779529428e-07	0.15297782241166172
68	4.873510898166727e-16	0.2389189511981627
69	5.7229746946726795e-08	0.1673110081003986
70	5.244906765315266e-15	0.2306803830575767
71	4.747779998172495e-05	0.07749494082924752
72	2.3896957034492744e-05	0.07785526945015171
73	2.365905612821638e-13	0.21147825774190476
74	5.152894920162625e-05	0.12953536739710672
75	0.00014341521121514125	0.08307083942338656
76	2.970909736977721e-16	0.23550171607920678
77	0.000945217063336271	0.11955317194910131
78	5.416343272150201e-13	0.2001624206272311
79	2.2646887809978933e-12	0.19519959707009032
80	6.841476809732602e-15	0.22666121824116198
81	2.288138963023487e-09	0.17473444141112177
82	3.2589423120779845e-13	0.20018848680546747
83	0.00034497197720555575	0.11977966839556851
84	0.005566140898629337	0.10398557835300522
85	1.1362723976930867e-15	0.22917724363921338
86	1.725770056353373e-05	0.13561823797425898
87	1.8807997486528575e-16	0.2429680094296771
88	1.6976805759890157e-10	0.18268829956368965
89	1.4389392231849688e-10	0.17433914404182438
90	3.4689118716322274e-07	0.07294919459067505
91	5.455822782404037e-16	0.23989785174141426
92	1.1623998581623326e-06	0.1399824266959881
93	6.9131267610266736e-09	0.16567792287742636
94	0.00010019516753831663	0.13162736055225624
95	0.006447145474973185	0.09740539604860554
96	2.11260574928755e-14	0.23067590411245076
97	6.7221367370739094e-09	0.16473589733445718
98	8.589851773451003e-37	0.0505740654062318
99	1.4164000742412112e-10	0.17342898272414478
100	0.0005918580549844933	0.11532898035441924
101	1.929330712006139e-07	0.15541162045152185
102	5.845518489564859e-15	0.22718841986215493
103	0.0012499944613491283	0.12145395200049997
104	2.369130793506785e-15	0.23170703018395983
105	1.0182348919322734e-09	0.17467202315836056
106	2.1070006316329292e-35	0.05316424856931126
107	1.6250481247403203e-16	0.23588744674875228
108	6.390526509642318e-12	0.1881793835033848
109	6.49289843472002e-16	0.2494645700902961
110	0.0009900164117472349	0.08446810166906571
111	6.901318842212168e-05	0.07742714992577555
112	2.465130800678015e-16	0.2365190926074327
113	1.1378270629563203e-11	0.18936363229798003
114	3.264572343515532e-10	0.0632000345444125
115	3.9096780033753714e-13	0.20109261052049326
116	3.5698179022500414e-13	0.2007752376922493
117	1.8255326513441695e-15	0.23460490710929666
118	8.795175833704542e-13	0.19230495172569434
119	1.086632867793503e-06	0.07485419239443294
120	1.9883035800634004e-30	0.05397602676795912
121	4.221684350770442e-21	0.05524219737554386
122	6.097534945695451e-23	0.05566129760415892
123	0.010210437184733396	0.09924221352060919
124	2.1536402218690112e-14	0.22200558973657764
125	1.592576945333255e-08	0.1577662128683306
126	5.759368950498574e-09	0.1605643957371532
127	2.2596795915972798e-14	0.21840617847192118
128	1.8517461307564985e-05	0.07483466302398223
129	0.008072539707190527	0.10583673580222791
130	9.240508093118523e-10	0.16715185429165758
131	3.2946759335729636e-16	0.2439191496639349
132	7.0105750278097965e-09	0.162206043851142
133	3.1673390384774003e-41	0.053729457874588604
134	9.815185437484933e-14	0.2101265345361233
135	0.009073892664746829	0.09659485476820409
136	3.085313480673957e-13	0.21142103912375582
137	8.660237341334616e-05	0.12757212881283436
138	9.450872347282899e-15	0.22270837091188572
139	2.11150479990991e-12	0.1994243285474369
140	5.923898459047357e-09	0.1612480467980838
141	0.00011984941620223932	0.07729104513213701
142	8.530073770300818e-14	0.061983537902442334
143	4.075855274915683e-06	0.07426869114814748
144	3.052696398370693e-20	0.05891037570895235
145	1.1176165674057226e-06	0.07149882582121858
146	0.008439965348545828	0.09514186772157095
147	2.020959395574279e-12	0.19259779607653532
148	3.955185009622352e-09	0.1619433964108285
149	1.4917994254865063e-25	0.05251119603182317
150	2.1125648668592166e-11	0.06439485593789736
151	1.9625209506782746e-17	0.2434552660000544
152	5.649465366286647e-08	0.16362009238398845
153	0.006544232814610575	0.0906586469321981
154	0.01004946981961525	0.10046514891406469
155	6.612559264867557e-12	0.1987651708150186
156	0.0011796995098299807	0.08908589622186376
157	4.277718385133722e-09	0.16627178545465154
158	1.4333154471903964e-16	0.24400399781766247
159	3.787012508740682e-14	0.21936576029800708
160	0.010502418720534272	0.09796955182951723
161	1.810367458804548e-06	0.148753942853746
162	1.850723484663655e-10	0.17399114367627594
163	1.2174679208730671e-14	0.21579617991003575
164	0.0014570717710382555	0.08135827892921685
165	6.915562485202825e-26	0.053715240435481905
166	2.1582062352681366e-13	0.06400442874384447
167	1.3819121204053141e-06	0.14726902218740637
168	3.5260000437334604e-10	0.17126589233066608
169	4.965439965018196e-09	0.16377028741729627
170	0.0016171643716573804	0.11347248186443215
171	1.7615821690215142e-17	0.24772323088248976
172	4.895596784732008e-09	0.16594904384915937
173	8.111088679784748e-05	0.12602823452471007
174	7.73935115944133e-08	0.16018964382357936
175	7.031419301234721e-13	0.19906688618130042
176	1.1347026187175102e-10	0.18384657869063692
177	0.00999541732362264	0.10298391153256188
178	1.9372490887654658e-14	0.06326696688568832
179	4.706864734848898e-05	0.12401683958282127
180	1.4052596259686842e-10	0.17594350140431292
181	0.004673732404815062	0.09203480198296793
182	7.450596308663217e-12	0.20055111074776277
183	9.45502536620294e-14	0.06330729627082299
184	0.00822417519490287	0.10206301971570819
185	2.441282957977306e-15	0.21095091274866912
186	0.0012810923306943761	0.08868685652466556
187	1.556970283958704e-10	0.17789217617598801
188	2.12946672400262e-08	0.15493406182474673
189	6.974234723810811e-16	0.23496159407987016
190	0.009615074777774594	0.1026593540974222
191	3.0406045930324643e-15	0.06319221813680476
192	7.288304616192448e-13	0.19701319265773393
193	4.359499313264573e-13	0.20443560590864934
194	1.462892144150118e-15	0.2315631705007048
195	2.316166941388372e-16	0.2363944138393675
196	8.248537033543908e-34	0.0527903145951194
197	0.010635608081978599	0.09687241722428411
198	7.267761198037791e-10	0.17335567140033153
199	3.967225634252997e-16	0.2398032641375233
200	2.0021749457084812e-16	0.24003522384941595
201	4.277718385133722e-09	0.16133063763903127
202	2.566364642336822e-15	0.23312126995325494
203	1.1528698092126128e-10	0.1783132417892675
204	5.639724210025447e-06	0.12800154282824927
205	1.0098334024146198e-06	0.14719813341938195
206	7.894745404654823e-10	0.17086209658399465
207	2.3865604171283144e-08	0.15990958430171254
208	5.429486345570451e-17	0.23523628534129076
209	2.4658102720992737e-15	0.23374668712672125
210	2.3140398054058728e-05	0.128975122584711
211	3.767919384447954e-16	0.2426525056881424
212	0.0013163393082982454	0.08479113333609287
213	4.888693345362683e-07	0.07526590388792748
214	2.052120892747062e-06	0.07701583160934627
215	3.770405105981129e-07	0.15113243313537933
216	4.845344381189511e-27	0.0543049610548396
217	7.567399862196222e-16	0.2395940422435362
218	1.1046251617346814e-14	0.21542309423414652
219	2.3053080579637406e-30	0.05300379614842448
220	0.0019805390025588285	0.08523925111501104
221	0.0015516288450252152	0.1164127148733674
222	4.097137641938089e-06	0.07619936896218338
223	4.204199536715968e-13	0.2118981384253164
224	0.0008941334480194988	0.1189473305366587
225	5.512035393364529e-16	0.23802149646667342
226	4.835053982247162e-08	0.16640283598941602
227	3.67291252386083e-15	0.22576639688236882
228	8.906436184359375e-16	0.2189468890784444
229	1.0318125590797991e-14	0.23107846374172986
230	3.393021877818523e-06	0.1419760531633614
231	3.5543794625417124e-08	0.15926936320407464
232	2.393705635498891e-14	0.2097207182304079
233	0.007197562541049511	0.10714377034682952
234	4.219646007607052e-07	0.14805070452398555
235	6.344530886823339e-10	0.16982206152917567
236	3.1102608038598754e-34	0.05310665511016715
237	4.560374313368366e-09	0.16869628163932743
238	9.927233295302825e-06	0.13673526979789166
239	5.481565470834118e-14	0.2114721057769683
240	0.0012127805004856827	0.1130489606190746
241	2.122063627858894e-15	0.22857774170503026
242	1.581681237367585e-10	0.1655714430569071
243	0.002702002097754815	0.08680204032549302
244	2.3877220294468044e-13	0.2075858467651009
245	3.4190766916185906e-10	0.1724062354089868
246	6.191057676135729e-18	0.06078185441475059
247	2.0519000762187345e-05	0.13403873600022645
248	3.1660041110647254e-11	0.1858137673130859
249	4.774411426222775e-16	0.2337203555955052
250	1.5240315794093003e-36	0.05008040497827149
251	2.791899412272129e-16	0.24535182980621195
252	7.719978111988125e-05	0.1253160629491549
253	1.668857612815695e-17	0.24475670767166452
254	1.041256000135613e-09	0.17094322019481062
255	7.115440302534654e-15	0.21576916159613863
256	7.730793842666711e-09	0.16494230094162046
257	6.628561432491727e-09	0.17561523966147008
258	0.010968963248556068	0.10711525633913879
259	1.7466704794485456e-09	0.1673666681312166
260	3.5374676336839503e-13	0.20000435274053202
261	1.5971314167990956e-14	0.22166276728580847
262	7.486974198107554e-13	0.20101643769353605
263	7.514273198086993e-12	0.1896114496894606
264	3.5651112956221295e-15	0.22289588601091997
265	0.0013742724449817758	0.1145361993673493
266	2.9073857363356104e-10	0.18415775815751745
267	1.6384663850243932e-05	0.14017478728266985
268	0.00014847858751606023	0.12642055040630346
269	3.180143379538404e-05	0.13216226998443714
270	2.3140398054058728e-05	0.1302959166939081
271	0.0034006206090033447	0.11347678919165538
272	2.0014333339889345e-10	0.1743838735840603
273	2.201896954399338e-06	0.13604945416425288
274	6.930193558383217e-17	0.24476041558545047
275	1.463908203452312e-11	0.18556017828686222
276	0.007232745132355072	0.08971397768542218
277	1.0893942024094685e-05	0.13534020186960655
278	0.00021948991766014423	0.11866924795488461
279	3.66861688028055e-13	0.2095277607917133
280	5.455822782404037e-16	0.22599965771268637
281	6.708407431296936e-15	0.23076839116527442
282	2.7984348749489382e-11	0.18254396247505245
283	0.010584090543019963	0.10404165240595156
284	0.011085010062497205	0.10047334030091795
285	5.961757625578771e-15	0.22097958853948046
286	1.751178147688975e-08	0.15554292926174934
287	1.0624219725330783e-14	0.2104322168009196
288	5.4819995925364335e-09	0.16449770343832126
289	4.343553288345885e-12	0.19662850505750223
290	6.897584098040082e-08	0.15380232549281117
291	1.3597330278422942e-13	0.2041767821003776
292	8.946560808122584e-09	0.1637715981409431
293	8.664284873526203e-07	0.14314197571839618
294	0.0003694992053561407	0.11853778159065637
295	6.894208792745285e-10	0.06364186968334083
296	0.0001018174992148879	0.12558483586561997
297	4.72525282623684e-11	0.06592521553965047
298	3.395503299546178e-17	0.246563422746089
299	0.0022424412825791723	0.08632257026615275
300	1.0318125590797991e-14	0.21237173954410798
301	1.229356072699905e-14	0.22499232899117966
302	1.6049926433285346e-11	0.18768265047718868
303	4.217244898163845e-09	0.16389888254907514
304	0.00018437316917507737	0.08219428736312176
305	2.9510526592081357e-07	0.14337600455266125
306	0.0006565555709679883	0.119034410231043
307	0.00996491587344854	0.09500799156281692
308	1.8793448666750543e-09	0.16850237375315935
309	0.0018904846301001246	0.11245396754038339
310	3.806976109740359e-16	0.23326111069367017
311	2.9836458962393457e-14	0.23192710499031144
312	0.009231246929896448	0.10142365875643924
313	2.3031073873429247e-07	0.07217826014880585
314	0.003159011501539795	0.08859254640382258
315	1.6645065209145766e-07	0.14991683413577722
316	2.206012365432336e-12	0.19571713359491927
317	0.008974428745296593	0.0916388876817583
318	0.009977156587667875	0.09960671167544616
319	9.907306531242517e-14	0.22033437498727343
320	5.3555244386673426e-05	0.13316974365350548
321	2.5696776017074425e-09	0.17333701343104724
322	0.01050241872053428	0.09673322784785002
323	5.9107825456224276e-08	0.0703934518851595
324	4.3845977812175864e-08	0.15317140339370597
325	1.8595873930102927e-07	0.1454281974099565
326	0.00022191758593491967	0.08053432881863265
327	6.062878410217619e-10	0.1743612463480831
328	3.033816250925998e-09	0.15880202376278763
329	5.4684300510622437e-11	0.1808274693941489
330	0.00010140973091392047	0.07890910802493196
331	2.2254040930967845e-12	0.2003055634270488
332	0.009066295879660999	0.09440982795998454
333	3.133619724146067e-07	0.1538703648732066
334	1.3595948739206594e-12	0.20705920564432378
335	1.6726461276559655e-19	0.05446608559836124
336	0.0015516288450252152	0.1148724919452373
337	1.0939225542967244e-14	0.22458447528002223
338	1.7949841251185357e-13	0.21894192152041392
339	8.515167876636333e-08	0.15768811851890874
340	1.7762011976591233e-14	0.22332165483330263
341	3.0018233577035827e-16	0.23996119827072532
342	2.6410978398781273e-13	0.21528139952586828
343	1.5217135592974154e-14	0.22082308876730777
344	1.8947382928828612e-10	0.06974868036406967
345	1.5206062825628334e-10	0.18026086646819822
346	2.2646887809978933e-12	0.19070339763053062
347	1.4389392231849688e-10	0.17204816252932592
348	2.5694949802915227e-13	0.2099230523472056
349	4.396868592314855e-27	0.05691424397432685
350	2.130084029157553e-12	0.20404774691099598
351	6.17577962147389e-12	0.1963457201479054
352	0.009369858317619231	0.10193967865967063
353	0.010474041984014757	0.10141385976442935
354	4.37082097160959e-10	0.17646066348602557
355	0.000603211344350835	0.11905949231821632
356	4.993503462498017e-13	0.2093177356014575
357	3.5395419496549486e-05	0.13922924640069145
358	4.666973056166352e-14	0.2065498829568344
359	2.460854054630098e-17	0.24809435672476815
360	0.0042089263927011745	0.11004966790678002
361	0.00032410253968485545	0.07860116565161988
362	1.0477812298219855e-15	0.2302616872698548
363	7.57069181717401e-09	0.15831187577747466
364	2.439664713242653e-16	0.24494807417101644
365	1.1620592013780107e-10	0.17732088000037943
366	3.819468682740037e-17	0.2487826049220958
367	1.7159618805136186e-08	0.15921416082859033
368	1.4615969758551165e-07	0.15528518678110426
369	8.561692299417229e-06	0.07708558061443399
370	6.058515963482672e-05	0.12114103419677623
371	3.3686977028311456e-28	0.05524371345927466
372	0.0003461643792122127	0.08207903590392981
373	7.829928779034353e-13	0.19912743854149922
374	6.7482250929967556e-21	0.05607993798575777
375	0.00011072587602526621	0.12330861944874888
376	2.5355245196010437e-14	0.22246925056760886
377	3.7915455221083325e-11	0.1885355435014709
378	3.1921155376663554e-11	0.18818842841323374
379	0.004787162535965335	0.08772736019106218
380	1.997112325454993e-06	0.13838085614968468
381	2.683663656332981e-09	0.16631548146885825
382	1.8612871303751078e-16	0.24795034153274104
383	0.0035253300443303702	0.09078124504662438
384	0.010354906223208438	0.09954658035247098
385	0.010464456583496208	0.10243461675458239
386	2.1488230536140703e-12	0.20003448265959856
387	9.97605818640293e-06	0.14139506548713857
388	1.7666734692327398e-16	0.061385887682219004
389	9.36514133267312e-08	0.15170324812204794
390	0.009005194260718418	0.0923920329287352
391	8.216224525818603e-14	0.20972084895204207
392	0.006121698920908105	0.10946627630145445
393	1.7285751038951936e-23	0.05552120239090073
394	1.041256000135613e-09	0.16868648989292423
395	4.536104763374518e-14	0.2187680857862378
396	0.00022519089125671202	0.12620322481244284
397	4.561539883878092e-13	0.1999716621452287
398	1.633955394368618e-07	0.15222829565942564
399	2.8763075788924527e-08	0.15819036099243772
400	1.9204309273237118e-16	0.2418868642123505
401	2.3708384246464164e-14	0.21079217829972935
402	3.5339674496587956e-23	0.0564646133247148
403	4.775025016782485e-12	0.19187745024625902
404	1.2783261474268883e-06	0.14300029631270122
405	5.183109366859578e-16	0.23950978827901998
406	0.010210437184733396	0.09428654686469767
407	0.011119874172276854	0.10341440393687316
408	1.774034837926294e-11	0.0662947929754524
409	2.6066461269875632e-05	0.1357237657327573
410	5.4343305889430354e-08	0.07180375280381367
411	1.9858412161920073e-10	0.17675735212238358
412	1.5625751008975242e-13	0.2105926474747476
413	1.255448669169435e-12	0.18936009922403568
414	9.19663574052691e-13	0.20324227621515412
415	0.0004704724497655066	0.11849082396870397
416	1.9560046700390996e-14	0.21917029660553555
417	4.29341867599576e-06	0.1357537549998885
418	2.3708384246464164e-14	0.21480197408246376
419	1.4850686684770917e-10	0.17529923172485878
420	1.5267676273382875e-06	0.07868460973404899
421	6.223706594830617e-11	0.0656773799709896
422	4.354290516354994e-31	0.05366652858260146
423	2.730082968150843e-11	0.0633449995278713
424	2.864058832915818e-06	0.14171676274168638
425	4.0008479948645167e-07	0.0726683845535181
426	2.4507007578374546e-27	0.055556669769733995
427	1.9147223569660146e-13	0.2009722962780935
428	5.807197073540956e-05	0.1289700960921279
429	1.5116912738865147e-12	0.19938769912150506
430	2.4263320274413882e-06	0.14048096534929033
431	2.894706717746136e-06	0.14001734940015223
432	2.143112362015468e-06	0.14561450134356618
433	3.483521701078071e-06	0.1448007853124388
434	4.16472389246638e-14	0.21063266842283396
435	0.00028157453254666934	0.13047850397154717
436	1.9195428864986818e-15	0.23093723206872463
437	4.646353120053035e-25	0.05741220959080717
438	4.450866226886769e-14	0.20477486854408372
439	5.52742978865074e-07	0.07512827622754777
440	1.2284099275965744e-10	0.1737027133824171
441	2.3036527083800015e-34	0.05207285226704639
442	4.1339612338576486e-08	0.1577254565152694
443	3.4172369221487433e-37	0.05060359132391928
444	7.414615244643404e-16	0.24023875709804093
445	1.789209135435017e-15	0.23108040674055563
446	1.0380777595069941e-13	0.20919338838845386
447	1.5857238909023766e-15	0.2330548639829575
448	4.529123390441213e-07	0.07911164623167942
449	8.802634519722328e-05	0.08154601397410666
450	0.0052936054148758635	0.08752633458048681
451	6.108963023401788e-10	0.17449918045998425
452	5.183109366859578e-16	0.23116189920166036
453	3.819468682740037e-17	0.24799103567181474
454	6.959798139891316e-12	0.1922244917531632
455	1.3689765705432535e-11	0.19636008182845904
456	1.4336761020316887e-15	0.2318586409088509
457	2.12949123492361e-05	0.13017474647422417
458	0.01097139902295657	0.09997013604500736
459	0.0007137245723704979	0.08468603415742457
460	7.154061439543559e-06	0.07389141006674581
461	6.774621211707042e-15	0.21252211760656575
462	9.09374309528958e-05	0.07935847468344864
463	0.009896646578356762	0.10285949654538014
464	5.91166505007731e-14	0.21381783572670615
465	0.003185335587775723	0.112117450358842
466	9.218533052410866e-17	0.2464834898585886
467	0.007355654796853102	0.10332774043032705
468	2.3706450485192164e-08	0.1567306689942423
469	0.003870180571499361	0.11289340223716993
470	1.5385174661529102e-15	0.2321545662347675
471	0.00020388988748891999	0.12331132877024689
472	2.5246974066602204e-05	0.1367184654546329
473	1.6440791028144524e-07	0.15245853845567228
474	3.033053447864989e-16	0.23777729547394266
475	4.0676556415296026e-25	0.05618980125423015
476	1.3595948739206594e-12	0.19337573272633785
477	3.806976109740359e-16	0.22820379085846781
478	1.3560914157440526e-24	0.055457444703493765
479	2.933363815740582e-07	0.15441024945050214
480	0.0005359885438117121	0.11519796235400506
481	4.2850760756948084e-14	0.2218978641731172
482	7.88888614310749e-08	0.16170331018450357
483	1.0282851865820284e-11	0.1880455736325496
484	1.901580742620882e-06	0.1405706999903075
485	1.1995345407134583e-10	0.17566180750427146
486	0.005669354328056345	0.10801937033748517
487	1.0322565834616229e-29	0.05186971559330316
488	1.977542175765075e-08	0.16535118699741816
489	0.0026841810154720172	0.11228884282649257
490	1.9510639758614787e-08	0.15345351970022597
491	4.008313924671916e-16	0.23328117061077958
492	1.4759663275312746e-05	0.13529495770027922
493	0.00973570893759406	0.09947920732047709
494	0.0006225341215692877	0.1242587522558109
495	4.008313924671916e-16	0.23637222332730812
496	2.0021749457084812e-16	0.23737367626181877
497	4.0863379073139415e-14	0.21886598971314264
498	1.0372078212238727e-15	0.23404130286113212
499	0.0077041764950970945	0.0955800579902634
500	1.3349485968846268e-11	0.06749644191071819
501	0.01083081931830121	0.09546194725693775
502	0.002702002097754815	0.11287532322281009
503	0.0006878321698320798	0.08495317527126231
504	2.532733725976701e-09	0.1714188323944921
505	1.3348763317142897e-05	0.13271728300023228
506	3.945357738222542e-13	0.2132703023654428
507	0.0018305862839825624	0.08702607965380613
508	7.253087737352421e-11	0.19037530595126212
509	0.009742296351790185	0.09807112496982778
510	5.108024703151036e-09	0.16484381776817195
511	0.0005155778025193184	0.11979751944415779
512	8.99746075489821e-16	0.06139287989656655
513	0.01053936200444882	0.09576273419207518
514	4.1479501189398683e-11	0.1828205110709587
515	6.066462828459302e-07	0.14945001867210628
516	6.026288799497493e-08	0.15380319681473575
517	0.0023819622276057273	0.0849440300217845
518	6.790945417044808e-10	0.1641431703092513
519	1.9608837441288817e-16	0.24935068504164198
520	1.5514516342255444e-14	0.2133670217583244
521	6.344530886823339e-10	0.16887452476619558
522	6.167444600530834e-17	0.24519781366618099
523	1.7713147575395725e-15	0.2303125169338643
524	6.628561432491727e-09	0.16912158672052913
525	4.7564531928305956e-24	0.05648526506289142
526	8.301297017596953e-08	0.06871541916349616
527	1.1798802699209095e-12	0.06307434300844528
528	3.9917571388853855e-06	0.14034662973829506
529	0.0002805762331959808	0.12508696663357155
530	1.0242808281344791e-16	0.24507000685405733
531	0.0003320859710573307	0.083596658639923
532	2.1760704061909793e-16	0.24455751838653106
533	1.262346575390253e-13	0.20349497377260262
534	2.7375089368790053e-14	0.21484756792489956
535	1.8219341736928953e-10	0.17652316335559948
536	2.4522298959152266e-11	0.18374655404134643
537	1.6748109041909814e-07	0.14537646670423868
538	1.1396994108158517e-28	0.052627271384614455
539	0.00034497197720555575	0.12060121710836497
540	3.7465088869774485e-08	0.1484143602987117
541	2.768154842946882e-12	0.1960182422180209
542	1.5352213759215664e-06	0.14372566854922186
543	3.020405971862448e-06	0.14148098321788632
544	2.5362577560474268e-05	0.07753254818912064
545	3.1673390384774003e-41	0.0521777467606958
546	2.3228570145060495e-13	0.20165565209539926
547	0.0024371545180290758	0.11399056761553568
548	3.18415433760715e-17	0.24687669003870216
549	0.010704495700549795	0.09404684523183121
550	0.0017587644159312572	0.11774160509633594
551	5.7974007465513326e-08	0.15477922713322634
552	6.968595489285818e-13	0.20097829141210655
553	4.227033734073188e-06	0.14277155678005915
554	1.967726064771269e-05	0.07496450862233527
555	0.0025101772897287667	0.11250027569840991
556	4.555864761096958e-07	0.15090383394019893
557	3.63616741262798e-10	0.18476980160337353
558	1.950347598392737e-13	0.20402999126241844
559	2.8159252249100933e-05	0.07606715619087086
560	3.489289895071849e-23	0.05458302626447636
561	1.7327665998893022e-06	0.15381646444239788
562	7.839799110420562e-14	0.2119977421324833
563	1.1266773974583385e-40	0.052520753405975264
564	2.060604966758704e-11	0.18449396893074682
565	8.83015874069547e-12	0.18736164533139837
566	7.906950137450392e-06	0.13984935071732751
567	8.126928660263737e-16	0.23295773734838687
568	1.3723471514437136e-10	0.1788722169513986
569	1.8855041856432074e-39	0.05104796753029317
570	7.64068553246152e-07	0.14688568910287514
571	3.1328036930251846e-15	0.22186356121952
572	4.9399166745939206e-14	0.2160799140074679
573	7.195003515252533e-11	0.17983083942249561
574	4.611356088796452e-11	0.18473968477972635
575	2.432284302744422e-10	0.16569991595784012
576	0.0046737324048150754	0.10482395503337044
577	2.460381126125358e-09	0.16210599810721177
578	7.859613349174794e-11	0.18434595696348405
579	0.00017690463805143387	0.12048592604328177
580	3.542825827633631e-14	0.22116567345078558
581	0.0009288398558359894	0.08900749720174146
582	7.486974198107554e-13	0.19946416206638468
583	0.0038188029225204416	0.10792054923737548
584	4.859874007000508e-13	0.2047598574488364
585	1.758566984810795e-05	0.13554746586721525
586	2.5694949802915227e-13	0.21153968182244193
587	0.0011031680007301057	0.12070697253359808
588	0.005000712263514935	0.09273864752591623
589	2.720351267711097e-12	0.20345690168435332
590	0.002532935342558202	0.11172838952613023
591	1.6671100961035473e-13	0.19664901354528552
592	7.643224966683641e-12	0.1988946306155464
593	0.011126282102146725	0.09427934018164022
594	0.0017854531511449286	0.0928224273641297
595	0.003789608128532948	0.08978958468541334
596	5.9065702937551026e-05	0.07850366755316894
597	0.0004704724497655066	0.12541651984146684
598	1.2841507122887067e-21	0.055325576938324295
599	1.1550966486513268e-08	0.07218407380684813
600	7.859613349174794e-11	0.18491280475268213
601	2.239049356652106e-13	0.20995530737947726
602	9.00582111465364e-11	0.06610590542567718
603	0.010464456583496201	0.09634046209715841
604	0.005885901258181052	0.09152513236076287
605	2.2088274200641542e-15	0.23346671261632612
606	1.098956912328833e-12	0.19226290362729737
607	7.592533471318879e-08	0.16077692221028286
608	0.0020488169241640397	0.11090359758412405
609	2.499794772548097e-13	0.21697080952635972
610	7.04706903248967e-06	0.137061191525904
611	2.763114484404488e-16	0.23469124302375505
612	6.5563549904725374e-12	0.19121036086718662
613	4.406234035739832e-06	0.14560626159305667
614	0.00011612265202010482	0.07524202074987174
615	2.4874666391631174e-17	0.24520871009354955
616	0.0013234770008829597	0.08196673006881867
617	0.011099159512337637	0.09052042504393253
618	5.525745369815399e-06	0.1362363510320742
619	1.9861517245002782e-05	0.13084038115502944
620	8.766839757220434e-05	0.07935029615285882
621	5.874172445241107e-13	0.1958637838722247
622	0.0015475996409358107	0.0877490133754372
623	2.3213210553865934e-10	0.17877912886233255
624	3.085313480673957e-13	0.20086119011525977
625	0.008619167138606531	0.09214647841666415
626	1.3068668682928964e-08	0.170190849621528
627	8.691376500572453e-14	0.19978567504916728
628	3.4455085110331043e-10	0.1776437421240667
629	4.496043715743875e-09	0.16942546058932983
630	0.006597227471755954	0.10909645713109942
631	1.179880269920922e-12	0.19632129424830175
632	4.8815162941800656e-17	0.23906168799998995
633	4.6865274650120456e-05	0.1351122780523094
634	1.5481758734931104e-13	0.20643636336628107
635	5.349404412174324e-15	0.061228207932383066
636	3.645525162461385e-14	0.21705432049799317
637	0.003022976793417487	0.08845000336442954
638	1.4411754310119786e-05	0.12901937377799466
639	0.006051653323356764	0.1100162091850713
640	1.9503475983927168e-13	0.06602072876120986
641	2.392945510928477e-15	0.2309262005872486
642	0.0010633689200307645	0.12403083551074766
643	2.6912330583969596e-08	0.1561394876952279
644	9.706366935336952e-07	0.14882325317926504
645	1.5352213759215499e-06	0.07643222838858764
646	0.0017631922296863715	0.09129081177788662
647	8.115318865527798e-13	0.06523776180646423
648	4.449791597976242e-07	0.15158433998905751
649	0.011095877286449351	0.10230991036659742
650	8.347371888215234e-05	0.12141232177655839
651	5.559903648132799e-09	0.07161306573944737
652	9.543831606781192e-14	0.20751036793050143
653	5.59925545444465e-09	0.07131677535776022
654	1.3043017596898874e-16	0.24714176474263755
655	0.0014725222963063137	0.08543223288768348
656	1.9210143646848753e-09	0.16448102248692986
657	7.672045793063658e-22	0.05896906691781763
658	1.0576315279977501e-13	0.20742325793116684
659	0.003717147733998235	0.08792118956365931
660	4.2159380571411585e-08	0.15558079568162533
661	3.6230397712267124e-12	0.19801550863181433
662	6.930185870535839e-05	0.0799862969834512
663	1.721246001638785e-09	0.16021743483739437
664	0.011061922902657778	0.09332344166575589
665	1.5798667334211637e-12	0.20183920986342896
666	1.2069009748090848e-11	0.19458303871124277
667	0.006623732194996054	0.08530980685541661
668	3.0704200050541756e-14	0.22239331153341468
669	2.415070729112723e-24	0.053955019903268855
670	1.7934252593658127e-14	0.22204739948462304
671	5.072012234553767e-09	0.16178076223218768
672	2.0903643456396827e-05	0.13064409442116987
673	2.2449624326406543e-12	0.2017493862044673
674	2.816779131818868e-12	0.193385800338494
675	4.92381667762614e-16	0.24746523496168532
676	0.008265984426249349	0.10561700972259656
677	2.7888974071967145e-39	0.05075873448186852
678	7.802399664083131e-16	0.23678052166297758
679	3.0710373859214625e-15	0.22157942090757876
680	3.4695204384255862e-12	0.19577017550385117
681	1.953128192043379e-07	0.1533377565843077
682	3.465045361080303e-11	0.1913912490497522
683	3.66861688028055e-13	0.20610591137534856
684	0.00024484116688203487	0.12497518870737188
685	1.4242995813763813e-13	0.20406450506599155
686	1.3007351519115635e-12	0.20012486383503508
687	3.2394896745488304e-10	0.17264224230885195
688	7.28517999680577e-05	0.13037318479356746
689	2.4931783204991814e-12	0.1894616038528682
690	2.2419121745983677e-33	0.050622571565038424
691	1.3595948739206594e-12	0.20497932934491958
692	2.392945510928477e-15	0.2292833204913694
693	0.010750183101536036	0.09786314148750093
694	5.034082220607377e-07	0.07415343686184594
695	0.008912479160418027	0.09405679755874552
696	0.0050007122635149495	0.11041934625801966
697	8.405034963154025e-15	0.22660570171276684
698	7.838736289826571e-08	0.1586332860476189
699	0.006420686805357649	0.10734232992128612
700	7.224899861987942e-05	0.07767093795858931
701	0.004247439023187068	0.10802889262090834
702	1.3600325248272124e-09	0.17277421794825054
703	0.0034904312940823015	0.11482770597948933
704	2.879344466792586e-06	0.1414720363381997
705	4.987434050294304e-06	0.13882342140332288
706	3.041223672594141e-14	0.21562707214630245
707	2.0806865545550624e-05	0.13526963084724614
708	0.0005570697515142864	0.11913976423510048
709	4.1819234632258856e-11	0.18499432096182106
710	0.010265203631113754	0.09429641114670576
711	3.950320394073303e-06	0.14344916478531078
712	0.004885270097494926	0.11295313746480329
713	1.9550103883419786e-10	0.17537112043256692
714	2.369130793506785e-15	0.22547209493896253
715	3.7295311286716136e-06	0.1395378000291257
716	5.746632820210567e-14	0.20689148375838462
717	1.037476170190437e-05	0.14139314011231008
718	7.79680562493065e-11	0.18124586634342627
719	3.2813579773745586e-05	0.07636819500550043
720	9.591624335403048e-06	0.13659630139352963
721	1.2657085544921723e-14	0.23186239773098732
722	1.949289347572428e-09	0.17109580020618692
723	1.5481758734931104e-13	0.20335491744742046
724	1.929330712006139e-07	0.15094012161917886
725	8.569454324250258e-08	0.1496111249656015
726	2.11260574928755e-14	0.21857996803857
727	4.479646717629462e-13	0.06356138686819075
728	1.139321855881124e-08	0.16465445430993692
729	8.044573067359318e-16	0.23855251508658987
730	9.391331126380013e-09	0.15357200963446438
731	0.00739945280787505	0.0888931619055769
732	1.4219711887771248e-14	0.21958787848869527
733	0.010597191771775769	0.10032782847117057
734	8.392020611315472e-12	0.19014520729650758
735	4.106977307773492e-08	0.15805218807937998
736	2.0799468733558143e-15	0.23976725765604395
737	1.080749876472445e-09	0.1748673404805352
738	1.9002659534170162e-14	0.2175955924095459
739	6.28066629521945e-36	0.05158657523890462
740	1.6081502348983496e-16	0.24786801123332763
741	6.72274818263858e-13	0.0655429140664773
742	0.0011125161635328197	0.11442590272295393
743	4.677294995288688e-16	0.2392304790913531
744	4.121389586552313e-39	0.05178782047424901
745	2.609493975277822e-14	0.2145460010843871
746	2.685579917667874e-14	0.22224232767335889
747	1.725770056353373e-05	0.1379661628417145
748	0.011100215739267533	0.10114903876118625
749	3.839263873723108e-13	0.21053790392665972
750	1.943494994216708e-06	0.14557240088644424
751	2.8159252249100933e-05	0.07686772173113923
752	1.3358668550583029e-15	0.23556979856500215
753	2.465130800678015e-16	0.22919399340132968
754	1.7711663736505062e-06	0.14830903000338708
755	1.7934252593658127e-14	0.22134049930355842
756	1.3413013325020329e-05	0.13371560515281972
757	1.8341492903080657e-11	0.18669298003326024
758	8.279239640531488e-05	0.12959812788158448
759	1.8825633515311906e-07	0.15114840349016206
760	0.004819776384357257	0.08791034056678547
761	1.2638924218799036e-16	0.24299778482218276
762	0.0037677907661815015	0.10884313764885095
763	2.2021783240864662e-08	0.07069191122328028
764	3.4617432809772814e-05	0.07886308004580962
765	1.8107700250485987e-41	0.0528184588384886
766	1.1094191080362202e-11	0.19318913989247893
767	8.76222709832734e-09	0.16289966404817482
768	5.6391305046141356e-14	0.20891567023695046
769	1.8368792493627246e-07	0.1514159846568273
770	1.0675433579244175e-13	0.20836420790083077
771	6.173664748261484e-11	0.1891528428543679
772	7.839799110420562e-14	0.20556969537183506
773	1.83447299850686e-05	0.13129657379541726
774	1.3191518369166861e-10	0.17955412663749626
775	0.0003632319226142936	0.08595885953859489
776	0.0014686481500885396	0.1143639926775808
777	0.0023546851755724585	0.0845209240239585
778	7.407100883250385e-05	0.1317274450026525
779	0.011121561617136627	0.09828374959311977
780	2.571230925914127e-05	0.1313843988258716
781	5.848671664917355e-17	0.24504446848746242
782	0.0020144733179903924	0.11406386516440625
783	8.931412110851274e-17	0.24649818899497905
784	4.976372857547528e-10	0.17726122517119675
785	7.43786671182492e-05	0.1250182036787822
786	6.081342845484513e-14	0.22149689981671933
787	2.3142424518416518e-11	0.17391734787371477
788	0.01111453704994224	0.10040661602616788
789	1.8284254109641612e-13	0.20857113559537754
790	1.0579614361756897e-05	0.1365877017468326
791	0.0003836126147451817	0.1215022334660883
792	0.001547599640935818	0.11605538730501619
793	9.857440166432118e-12	0.18947377512262792
794	0.005669354328056345	0.10373002478124532
795	6.427351858245436e-13	0.21165560274107603
796	0.0029406023022160834	0.10905775887996956
797	4.413330077185127e-08	0.15882427671707144
798	3.838177404659394e-07	0.14758429836104048
799	1.6441307898648885e-14	0.22107128251907399
800	3.460420671591619e-15	0.22767728687907718
801	0.003702746586518855	0.08687688847355335
802	5.793371716735048e-10	0.16706969178765022
803	2.5408545437617272e-15	0.22964100920342745
804	1.8867430309215978e-05	0.13922344380688595
805	3.5651112956221295e-15	0.2343736610967631
806	0.010940967231815556	0.10579817809139419
807	3.983506786633884e-09	0.17176623483875914
808	3.760666176432779e-11	0.18649074195336307
809	0.010800360797678253	0.09564114667009682
810	2.0438568346436597e-27	0.052753502511543364
811	4.737057113595351e-06	0.13334479247413922
812	4.3415453005246167e-17	0.23769637837134683
813	0.00034976277346291285	0.11860562196608132
814	2.4769755912007534e-13	0.20594885909652
815	0.0006963759858126415	0.08494726256548149
816	0.00024132029403221893	0.11839056726049049
817	4.6460922654084596e-05	0.07891954416761936
818	5.114841127802659e-12	0.1933541628292752
819	4.984728935472538e-12	0.18986152473936285
820	9.774443257625363e-12	0.1876994635897838
821	0.010148521578598134	0.10067920689725994
822	5.114841127802659e-12	0.1884720243246818
823	0.009921655647513024	0.09545950818318992
824	9.734144755952234e-06	0.13492982318626795
825	0.00015428936393989292	0.12438442433353745
826	0.0049346183996958	0.12106158232402445
827	4.9692287544842674e-18	0.06153096144825128
828	2.775404495463113e-10	0.17632932537318796
829	3.5301498791885383e-12	0.1914633205363399
830	3.4774574304273385e-09	0.17271773890056713
831	8.722311367057176e-11	0.17966255123262492
832	0.0026605384129118038	0.08398814284345155
833	3.3554478652789195e-05	0.07988935978777251
834	6.104491919015167e-08	0.15283500870517658
835	3.896650015537208e-14	0.2250665452709078
836	0.0011731682531896418	0.08679068830944442
837	6.540789576850225e-07	0.142567823741652
838	1.525979204862722e-05	0.1357864668059806
839	6.889555585186721e-07	0.14945783718390326
840	0.00025937474068323224	0.08230215409720239
841	0.0003657278585390096	0.11848812822696211
842	0.00946251979531309	0.10237608082070404
843	5.731506413302285e-15	0.21890538864589582
844	1.8453742217304714e-13	0.21006644915528033
845	3.555291963365113e-05	0.13532783165362872
846	4.5065186960710854e-10	0.1714030921578078
847	9.623998058197602e-05	0.079093122053244
848	5.724007422923251e-07	0.15192265884351175
849	0.00649126317566937	0.10938941715738092
850	1.0624219725330783e-14	0.22193019071384024
851	4.080808181440205e-11	0.18431967618127798
852	1.6451387409685722e-10	0.17669480252448422
853	2.2744420568417e-06	0.07495026001383585
854	1.3742578049236064e-06	0.14411757589977714
855	1.3494269829312802e-15	0.24731455591737633
856	4.3415453005246167e-17	0.239659834814533
857	2.7327183583294077e-10	0.17901712805208875
858	4.89354032200664e-05	0.08034497420639473
859	1.6581240138992154e-10	0.177825369743981
860	5.841074459467558e-09	0.1631324225087855
861	7.684612636436069e-07	0.1437331675322504
862	1.002510602318827e-05	0.13560749389365404
863	8.884704575259427e-09	0.169853951131606
864	5.228500413661629e-14	0.21999397770319312
865	2.673354883150185e-12	0.2002242080743875
866	1.6928641862659643e-08	0.16587210805944663
867	1.6508869300743393e-15	0.23494083630720564
868	6.427351858245276e-13	0.06294799668830978
869	5.093839767183958e-17	0.2482693017463618
870	2.779713477588919e-15	0.06059890853359791
871	0.002113687669205745	0.08989910922771227
872	2.1592773986492027e-05	0.13455053232891218
873	1.0166944493843873e-07	0.07150177523703355
874	6.692220127287507e-11	0.17473408219954037
875	4.377520986876124e-19	0.05959851280977346
876	0.003462654335885787	0.10692477620138843
877	4.535253404338232e-16	0.06220733622393422
878	1.1094191080362202e-11	0.19070386622101626
879	1.1474531848939146e-11	0.1836912335178964
880	0.0003915025195289768	0.12571611865012045
881	0.008398788014623732	0.08763885200596425
882	2.0422763959159035e-13	0.19940096580598904
883	0.002561574459810118	0.11807585815309346
884	6.662625145166237e-13	0.20906023348112857
885	1.405117360127876e-06	0.14758018783592408
886	2.6637177316065536e-07	0.15513388887019589
887	1.4536022439185485e-28	0.05569816989831344
888	8.196785351159833e-10	0.17884640397580637
889	0.0015597107281472946	0.12013130048643349
890	0.010768492304802459	0.09584100545841315
891	1.1108284188705108e-05	0.1367766752423401
892	0.00025020615793155574	0.12649349145418354
893	7.9988714027926e-07	0.14395780801727204
894	1.331945139258954e-16	0.24589667083596128
895	0.00014397015937712157	0.1228756140736461
896	6.144671802919183e-13	0.2048820266672079
897	9.134631445564425e-09	0.16055351930997852
898	1.270050317597157e-15	0.2278262178214966
899	0.0001906882898690237	0.1209905702299144
900	0.010360047322881462	0.09910373603730149
901	1.6844485153556414e-15	0.23220384793139365
902	1.3148317902409398e-17	0.058706852751553074
903	8.05272225459921e-18	0.2401506856122005
904	2.7227343869164916e-09	0.16128138313418505
905	0.0001596898335816997	0.1252726433374175
906	1.7666734692327777e-16	0.2490104644678222
907	7.094797322701257e-13	0.06167252922952633
908	6.732425091111767e-07	0.15334127195352243
909	4.584993879963709e-25	0.05621941509110957
910	1.681427867542685e-08	0.1642351478372467
911	0.0007772475784880472	0.08609370179902312
912	3.699640875612063e-11	0.1761918400679061
913	5.3720704062515855e-17	0.2461847351501163
914	1.3769544920140978e-15	0.22498051024247617
915	2.879344466792586e-06	0.14036724988417415
916	1.2090855267546632e-10	0.19169217401034344
917	6.682156613966003e-14	0.20549375000063785
918	1.2198941793568596e-07	0.14896861683651275
919	1.7594673185838902e-07	0.155706698035513
920	4.789018080329324e-05	0.08015687967443852
921	0.0002211057733788087	0.12387998512238126
922	4.851485383225477e-05	0.07844425061455734
923	1.5250920776334528e-12	0.19537875066891253
924	8.566115839801307e-07	0.14540259888045265
925	2.303413344710441e-05	0.1397757673413531
926	4.055899270680855e-15	0.2271995942330703
927	1.8991273401384395e-08	0.15552375446231229
928	1.2122109326853453e-05	0.131818166383372
929	0.00968257205389871	0.10377840444252917
930	2.0435635579649444e-11	0.064402407033954
931	1.540553617793344e-05	0.13362722674506317
932	4.12105945480381e-21	0.05515069648131668
933	0.00044770716775305406	0.10823078811048562
934	8.902198091738782e-08	0.1507019019696793
935	4.3415453005246167e-17	0.24318661300394445
936	3.821097302058022e-08	0.07187658283871692
937	8.83015874069547e-12	0.1846082108433244
938	1.814435959770629e-07	0.14998647421984002
939	1.591768385416223e-13	0.2054196458551566
940	0.00013478999300471243	0.07872139957484187
941	1.521713559297388e-14	0.06664052728717512
942	0.0001018174992148879	0.12984372107049075
943	1.0795901172972434e-12	0.20939245039598003
944	0.005531852172508826	0.08833514778197803
945	3.4109132636565355e-13	0.20355543842945484
946	0.006544232814610591	0.10805959941237364
947	0.010810670927589437	0.09337829752235907
948	6.726651144954418e-34	0.05334311781540129
949	0.00015488134425809723	0.12973181198447575
950	9.093743095289614e-05	0.12621629825869046
951	2.060604966758704e-11	0.18186898723907297
952	1.0144000644249275e-12	0.06418368009407745
953	3.935668605787107e-05	0.08052079740845437
954	8.297345341729478e-32	0.053315176580186835
955	6.76940119553684e-09	0.07275927128948137
956	2.9644740064129545e-11	0.18035785520201808
957	5.8318975299336057e-05	0.13053137043498386
958	0.003462654335885787	0.11420526283346318
959	4.901112627317988e-10	0.1615823988487545
960	1.8228577264841883e-16	0.24869209261997
961	1.1373536579154009e-14	0.21689730280360592
962	1.4395901119758617e-11	0.1899246364799168
963	3.1017694562598267e-15	0.2336517178264116
964	2.1938013072285614e-20	0.057945741336616965
965	2.2152833215958718e-10	0.06406668832310505
966	7.684612636436069e-07	0.14480125799761093
967	0.00032978796031062904	0.11983348259141546
968	1.6017735810626403e-15	0.23745041242568982
969	7.838736289826571e-08	0.1479129922290337
970	2.2772750791007585e-08	0.15792982201867012
971	8.464723732449786e-16	0.22905207314624415
972	7.214310386745646e-07	0.1393270091647381
973	1.0775462312548705e-13	0.22540687785407038
974	0.009391402402267171	0.10071634987432568
975	0.008165409275874296	0.10476194083162171
976	0.001547599640935818	0.11567227801751803
977	5.2610750517101405e-08	0.1595128540961907
978	0.00593814462960544	0.09402573480539625
979	3.063624384371808e-11	0.18428583421625466
980	8.245361134264325e-05	0.07855865656060008
981	1.1188106508539137e-11	0.06882005489992789
982	1.5070550899534557e-14	0.22403834924107552
983	0.008182226702916733	0.0973737407113997
984	9.89936231478994e-05	0.12720080220451913
985	5.0273953931889124e-08	0.16430841854506645
986	1.416892450435727e-07	0.15516039399029402
987	4.204199536715909e-13	0.06520477588842138
988	1.2829533529152434e-15	0.2248251871196057
989	2.566364642336822e-15	0.24022712368373844
990	4.666973056166352e-14	0.21250146083493437
991	0.006809328150946333	0.10676036698937486
992	1.0274537345940634e-08	0.15556935922359189
993	0.001219482104106458	0.1178833448035219
994	3.114568271851576e-08	0.16093346215753335
995	4.579273682195358e-17	0.24488069378260052
996	0.0023546851755724585	0.11234058354379628
997	2.2676999737967355e-10	0.18375932118457394
998	0.0019517772700127797	0.11519344146179718
999	4.5793224654970604e-14	0.20489545320301594
